{"type": "block", "layer": 0, "block": 0, "features": [{"geom": {"lines": [[1402.4642778690904, 5757.426355360076, 0.0, 1420.965577237308, 5676.518396962434, 0.0, 1429.1698237098753, 5600.316741812974, 0.0, 1428.590962357819, 5481.339431661181, 0.0, 1413.7075464371592, 5364.133296933025, 0.0, 1382.6382765583694, 5205.30119213555, 0.0, 1350.990145323798, 5010.717326563783, 0.0, 1266.5988393556327, 4549.455574036576, 0.0, 1243.733815945685, 4393.536816592328, 0.0, 1239.0472653843462, 4312.079257111996, 0.0, 1239.0472653843462, 4249.363349714316, 0.0, 1251.6374997925013, 2581.8616499118507, 143.3000030517578, 1256.8695158585906, 2401.9592976933345, 143.48927307128906, 1261.633990066126, 2341.8631984945387, 144.1389617919922, 1272.4097167737782, 2223.752004239708, 143.98672485351562, 1299.5828044768423, 2029.1649521961808, 145.5751190185547, 1332.7337488364428, 1881.6342051867396, 145.3167724609375, 1372.5193348433822, 1749.0124565456063, 144.89227294921875, 1409.8224962092936, 1647.4681702312082, 146.87527465820312, 1452.5135209280998, 1558.3629359584302, 146.1622772216797, 1488.9817861132324, 1498.7008957806975, 145.4219970703125, 1545.7547264173627, 1435.2886164598167, 146.0, 1638.5951817389578, 1351.1413391046226, 145.17794799804688, 1847.4750742632896, 1167.9638306098059, 146.21376037597656, 1990.8657103553414, 1040.329006927088, 145.60043334960938, 2148.349393978715, 902.3194080581889, 146.0, 2321.5847855508327, 737.3601461779326, 145.55313110351562, 2619.5759304556996, 446.43097625579685, 145.96470642089844, 2750.120297310874, 312.57068042922765, 146.31741333007812, 2818.915742618963, 230.49519129563123, 146.0789337158203, 2937.860618531704, 70.95177770219743, 148.76170349121094, 3096.5910804551095, -157.40859329141676, 147.8962860107422, 3218.4413950759917, -346.8068019961938, 147.66632080078125, 3415.71066471003, -636.5103061674163, 147.98716735839844, 3622.097000643611, -941.9394957991317, 148.64051818847656, 3728.6186213809997, -1118.0886453380808, 148.95751953125, 3782.9091370422393, -1231.640273890458, 149.0017852783203, 3875.3265782985836, -1462.8958158073947, 151.23838806152344, 3995.930114625022, -1797.3533058334142, 151.0, 4126.4744814783335, -2155.4168844986707, 0.0, 4187.811520904303, -2336.5306026460603, 0.0, 4263.241607865319, -2640.7276757182553, 0.0, 4304.685854287818, -2840.495609262958, 0.0, 4325.469203218818, -3074.0340412044898, 0.0, 4361.225023662671, -3370.0257773948833, 0.0, 4412.2093504443765, -3858.8342055128887, 0.0, 4429.2078366894275, -4065.736834336072, 0.0, 4463.794802479446, -4389.266058214009, 0.0, 4534.716450063512, -4967.740078897215, 0.0, 4579.878767479211, -5473.340488689952, 0.0, 4609.089001862332, -5731.943404602818, 0.0, 4619.419450609013, -5803.956156888045, 0.0, 4635.950394991785, -5878.045691545121, 0.0, 4764.657990247011, -6376.889101927169, 0.0, 4928.1863222215325, -6993.846661355346, 0.0, 5065.688157249242, -7500.499598710798, 0.0, 5279.070175945759, -8232.102345493622, 0.0]]}, "mtl": {"idx": 0}}, {"geom": {"lines": [[1261.633990066126, 2341.8631984945387, 144.1389617919922, 1232.1677208524197, 2323.1075575258583, 144.31614685058594, 996.8494492657483, 2092.115624411963, 143.0, 537.3448551688343, 1637.7316489536315, 143.5115509033203, 509.4259268771857, 1610.1157536972314, 143.30299377441406, 441.73254452459514, 1538.1710737533867, 144.36630249023438, 264.4339915383607, 1360.8775017801672, 144.1783447265625, 209.41989918984473, 1296.144880503416, 144.87445068359375, 151.45584033243358, 1208.5400170227513, 145.8587646484375, 59.628392377868295, 1052.4161370908841, 144.8571014404297, -37.90974545478821, 875.1530645629391, 145.36160278320312]]}, "mtl": {"idx": 0}}, {"geom": {"lines": [[249.22774909622967, 1886.1042038537562, 144.11285400390625, 165.83831854350865, 1830.1322318753228, 143.01087951660156, 69.33545197546482, 1755.814513512887, 143.70948791503906, 17.01529130153358, 1711.8344616796821, 142.88851928710938, -72.64142658188939, 1598.4553065923974, 142.987060546875, -80.4783187340945, 1590.6622508503497, 143.13414001464844, -144.1753313653171, 1527.288089869544, 145.15841674804688, -302.98371693119407, 1393.370332447812, 144.04141235351562, -448.6118747871369, 1274.1658391514793, 144.22488403320312, -723.4819614551961, 1083.508519589901, 144.11074829101562, -750.977875681594, 1058.0710549131036, 144.1687774658203, -766.5069446470588, 1034.596371371299, 143.07752990722656, -778.1175675354898, 1011.1217586509883, 143.0, -777.4162547439337, 990.3483400624245, 143.0, -775.3234483152628, 972.6647439887747, 143.263916015625]]}, "mtl": {"idx": 0}}, {"geom": {"lines": [[-775.3234483152628, 972.6647439887747, 143.263916015625, -728.4468107428402, 940.5623184312135, 145.23370361328125, -612.5075610820204, 850.9599415054545, 145.12440490722656, -574.9928926862776, 824.0075307348743, 144.57545471191406, -375.8645875547081, 680.9300740789622, 146.29083251953125, -138.49803733453155, 507.4840052742511, 145.08291625976562, -68.3890220336616, 452.94042661972344, 144.6143798828125]]}, "mtl": {"idx": 0}}, {"geom": {"lines": [[-1979.3884565848857, -643.7182700699195, 146.6363525390625, -1969.904035968706, -604.4532429799438, 145.03033447265625, -1935.773480091244, -567.830315252766, 147.164306640625, -1844.9924353510141, -470.74472268205136, 144.98202514648438, -1689.7574054393917, -301.6531953345984, 143.2236328125, -1509.9319000113755, -108.09591107163578, 143.78228759765625, -1492.1207814849913, -82.21537125203758, 143.56646728515625]]}, "mtl": {"idx": 0}}, {"geom": {"lines": [[-1703.7280015330762, 466.40626211930066, 142.1058349609375, -1599.1878677289933, 531.4234522888437, 142.63230895996094, -1440.2570307217538, 611.7532712752, 144.2873992919922, -1316.5365486554801, 665.0737638287246, 145.38511657714844, -1160.0992682445794, 724.3602069271728, 144.2665252685547, -1040.2638364043087, 793.538010796532, 145.0, -942.324948405847, 854.7492208695039, 143.1370849609375, -847.2247074209154, 914.1925679389387, 143.38369750976562, -795.7283109780401, 954.1261600442231, 143.13372802734375, -775.3234483152628, 972.6647439887747, 143.263916015625]]}, "mtl": {"idx": 0}}, {"geom": {"lines": [[386.2954381108284, 27.816743498668075, 145.91163635253906, 343.37064246088266, 76.06193498149514, 146.02430725097656, 287.354674693197, 152.9090014062822, 147.1412353515625, 246.0662755575031, 208.5191596634686, 146.56455993652344, 193.32310082018375, 257.9896065033972, 147.40728759765625, 96.02986586652696, 342.6108367461711, 146.0, 24.072947019711137, 396.590141245164, 145.81748962402344, -26.21006697230041, 422.74439536966383, 146.3656463623047, -52.782029423862696, 436.2296097772196, 144.5083465576172, -71.47257192991674, 446.8196000074968, 144.54786682128906]]}, "mtl": {"idx": 0}}, {"geom": {"lines": [[-394.1098520960659, 926.9985004579648, 143.0, -411.27531757578254, 934.6742971241474, 143.0, -441.34271203912795, 942.1946419561282, 143.10971069335938, -462.4377555437386, 943.632641539909, 143.29531860351562, -485.28051505610347, 936.695267630741, 143.1667938232422, -506.397822458297, 919.517035045661, 143.51220703125, -574.9928926862776, 824.0075307348743, 144.57545471191406, -714.0865964312106, 661.9646871779114, 143.72943115234375, -739.9015863463283, 625.4719928335398, 143.62445068359375, -770.5033143665642, 582.2367271436378, 143.60003662109375, -835.1020148731768, 509.0579439261928, 144.03475952148438, -916.8661808595061, 437.1040120916441, 143.42904663085938, -1013.7586656492203, 365.15074557531625, 143.05113220214844, -1145.8058456256986, 251.49974991288036, 144.07940673828125, -1216.1263679601252, 187.32041165418923, 143.08224487304688, -1492.1207814849913, -82.21537125203758, 143.56646728515625]]},